time,positive,neutral,negative,total
2025-10-25 12:34:48,35.0,57.333333333333336,7.666666666666666,300
2025-10-25 12:54:48,85.33333333333334,8.0,6.666666666666667,300
2025-10-25 13:58:42,85.66666666666667,7.333333333333333,7.000000000000001,300
2025-10-25 15:02:01,85.33333333333334,7.333333333333333,7.333333333333333,300
2025-10-25 16:05:30,85.33333333333334,7.000000000000001,7.666666666666666,300
2025-10-25 17:09:38,85.33333333333334,6.666666666666667,8.0,300
2025-10-25 18:12:32,85.0,7.000000000000001,8.0,300
2025-10-25 19:15:37,84.66666666666667,7.666666666666666,7.666666666666666,300
2025-10-25 20:19:16,84.66666666666667,7.666666666666666,7.666666666666666,300
2025-10-26 06:18:32,86.0,6.333333333333334,7.666666666666666,300
2025-10-26 07:21:05,86.0,6.333333333333334,7.666666666666666,300
2025-10-26 08:24:37,85.66666666666667,6.666666666666667,7.666666666666666,300
2025-10-26 09:28:30,85.66666666666667,6.666666666666667,7.666666666666666,300
2025-10-26 10:32:26,85.66666666666667,6.333333333333334,8.0,300
2025-10-26 11:37:24,86.0,6.0,8.0,300
2025-10-27 17:02:56,83.33333333333334,7.666666666666666,9.0,300
2025-10-28 15:54:19,85.66666666666667,5.666666666666666,8.666666666666668,300
2025-10-28 16:58:16,86.33333333333333,6.333333333333334,7.333333333333333,300
2025-10-28 18:01:21,87.33333333333333,5.666666666666666,7.000000000000001,300
2025-10-28 19:04:25,87.0,6.0,7.000000000000001,300
2025-10-28 20:07:26,87.0,6.333333333333334,6.666666666666667,300
2025-10-28 21:10:28,86.33333333333333,6.666666666666667,7.000000000000001,300
2025-10-28 22:13:37,85.66666666666667,6.666666666666667,7.666666666666666,300
2025-10-28 23:16:59,86.0,6.333333333333334,7.666666666666666,300
2025-10-29 04:43:59,86.0,6.333333333333334,7.666666666666666,300
2025-10-29 05:46:43,85.66666666666667,6.666666666666667,7.666666666666666,300
2025-10-29 06:49:11,85.33333333333334,7.000000000000001,7.666666666666666,300
2025-10-29 07:51:33,86.33333333333333,6.0,7.666666666666666,300
