time,positive,neutral,negative,total
2025-10-25 12:34:48,35.0,57.333333333333336,7.666666666666666,300
2025-10-25 12:54:48,85.33333333333334,8.0,6.666666666666667,300
2025-10-25 13:58:42,85.66666666666667,7.333333333333333,7.000000000000001,300
2025-10-25 15:02:01,85.33333333333334,7.333333333333333,7.333333333333333,300
2025-10-25 16:05:30,85.33333333333334,7.000000000000001,7.666666666666666,300
2025-10-25 17:09:38,85.33333333333334,6.666666666666667,8.0,300
2025-10-25 18:12:32,85.0,7.000000000000001,8.0,300
2025-10-25 19:15:37,84.66666666666667,7.666666666666666,7.666666666666666,300
2025-10-25 20:19:16,84.66666666666667,7.666666666666666,7.666666666666666,300
2025-10-26 06:18:32,86.0,6.333333333333334,7.666666666666666,300
2025-10-26 07:21:05,86.0,6.333333333333334,7.666666666666666,300
2025-10-26 08:24:37,85.66666666666667,6.666666666666667,7.666666666666666,300
2025-10-26 09:28:30,85.66666666666667,6.666666666666667,7.666666666666666,300
2025-10-26 10:32:26,85.66666666666667,6.333333333333334,8.0,300
2025-10-26 11:37:24,86.0,6.0,8.0,300
2025-10-27 17:02:56,83.33333333333334,7.666666666666666,9.0,300
2025-10-28 15:54:19,85.66666666666667,5.666666666666666,8.666666666666668,300
2025-10-28 16:58:16,86.33333333333333,6.333333333333334,7.333333333333333,300
2025-10-28 18:01:21,87.33333333333333,5.666666666666666,7.000000000000001,300
2025-10-28 19:04:25,87.0,6.0,7.000000000000001,300
2025-10-28 20:07:26,87.0,6.333333333333334,6.666666666666667,300
2025-10-28 21:10:28,86.33333333333333,6.666666666666667,7.000000000000001,300
2025-10-28 22:13:37,85.66666666666667,6.666666666666667,7.666666666666666,300
2025-10-28 23:16:59,86.0,6.333333333333334,7.666666666666666,300
2025-10-29 04:43:59,86.0,6.333333333333334,7.666666666666666,300
2025-10-29 05:46:43,85.66666666666667,6.666666666666667,7.666666666666666,300
2025-10-29 06:49:11,85.33333333333334,7.000000000000001,7.666666666666666,300
2025-10-29 07:51:33,86.33333333333333,6.0,7.666666666666666,300
2025-10-29 08:54:37,86.66666666666667,6.0,7.333333333333333,300
2025-10-29 09:57:06,87.33333333333333,5.0,7.666666666666666,300
2025-10-29 11:00:06,87.66666666666667,5.0,7.333333333333333,300
2025-10-29 12:03:07,88.0,5.666666666666666,6.333333333333334,300
2025-10-29 13:05:30,88.33333333333333,5.0,6.666666666666667,300
2025-10-29 14:08:09,87.66666666666667,5.333333333333334,7.000000000000001,300
2025-10-29 15:11:25,87.33333333333333,6.0,6.666666666666667,300
2025-10-29 19:27:02,86.33333333333333,7.000000000000001,6.666666666666667,300
2025-10-29 20:29:38,86.33333333333333,7.000000000000001,6.666666666666667,300
2025-10-29 21:32:22,84.66666666666667,8.666666666666668,6.666666666666667,300
2025-10-29 22:35:22,85.0,8.333333333333332,6.666666666666667,300
2025-10-30 03:39:55,84.33333333333334,8.333333333333332,7.333333333333333,300
2025-10-30 04:42:02,83.33333333333334,9.333333333333334,7.333333333333333,300
2025-10-30 05:20:55,83.33333333333334,9.333333333333334,7.333333333333333,300
2025-10-30 06:23:49,84.0,9.0,7.000000000000001,300
2025-10-30 07:26:31,84.0,9.333333333333334,6.666666666666667,300
2025-10-30 16:16:32,81.66666666666667,11.0,7.333333333333333,300
2025-10-30 17:19:37,82.0,10.666666666666668,7.333333333333333,300
2025-10-30 18:22:14,82.0,11.0,7.000000000000001,300
2025-10-30 19:25:15,82.33333333333334,11.0,6.666666666666667,300
2025-10-30 20:28:27,82.0,11.0,7.000000000000001,300
2025-10-30 21:31:09,81.66666666666667,10.666666666666668,7.666666666666666,300
2025-10-30 22:33:39,81.33333333333333,11.0,7.666666666666666,300
2025-10-30 23:36:17,82.33333333333334,10.333333333333334,7.333333333333333,300
2025-10-31 00:38:58,83.0,9.666666666666666,7.333333333333333,300
2025-10-31 01:41:39,83.0,10.0,7.000000000000001,300
2025-10-31 02:44:26,83.0,9.666666666666666,7.333333333333333,300
2025-10-31 03:47:42,83.66666666666667,9.0,7.333333333333333,300
2025-11-02 08:03:42,85.0,8.0,7.000000000000001,300
2025-11-02 09:06:20,85.33333333333334,8.0,6.666666666666667,300
2025-11-02 10:08:20,84.33333333333334,8.666666666666668,7.000000000000001,300
2025-11-02 11:10:56,84.0,9.0,7.000000000000001,300
2025-11-02 12:13:12,84.0,9.0,7.000000000000001,300
2025-11-02 13:15:46,84.0,9.0,7.000000000000001,300
2025-11-02 14:17:49,84.33333333333334,8.666666666666668,7.000000000000001,300
2025-11-02 15:20:11,84.66666666666667,8.0,7.333333333333333,300
2025-11-02 16:22:47,84.0,8.666666666666668,7.333333333333333,300
2025-11-02 17:24:59,83.66666666666667,8.666666666666668,7.666666666666666,300
2025-11-02 18:27:18,84.33333333333334,8.0,7.666666666666666,300
2025-11-12 09:51:07,86.0,10.0,4.0,300
2025-11-12 10:53:20,86.66666666666667,9.333333333333334,4.0,300
2025-11-12 11:55:49,86.0,10.0,4.0,300
2025-11-12 12:58:08,86.66666666666667,9.0,4.333333333333334,300
2025-11-12 14:01:16,86.66666666666667,8.666666666666668,4.666666666666667,300
2025-11-12 15:15:53,BTC,75.60975609756098,17.073170731707318,7.317073170731707,41,0.6020859587346998,0.7231403341963877
2025-11-12 15:15:54,UNKNOWN,72.72727272727273,27.27272727272727,0.0,11,0.5634165096350692,0.7178567094997105
2025-11-12 15:15:54,ETH,90.47619047619048,4.761904761904762,4.761904761904762,21,0.6526509590801739,0.8454974990795608
2025-11-12 15:15:54,SOL,100.0,0.0,0.0,17,0.8255521549898035,0.8695533278542124
2025-11-12 16:17:17,BTC,100.0,0,0,2,0.8181339800357819,0.8170768586700542
2025-11-12 16:17:17,ETH,100.0,0,0,2,0.7672449946403503,0.7754657268523136
2025-11-12 16:17:17,SOL,100.0,0,0,1,0.8970249891281128,0.8970249891281128
2025-11-12 17:18:25,BTC,50.0,50.0,0,2,0.3792261779308319,0.3975879683596962
2025-11-12 17:18:25,ETH,100.0,0.0,0,2,0.821604311466217,0.8886614434583568
2025-11-12 17:18:25,UNKNOWN,100.0,0.0,0,1,0.6195260286331177,0.6195260286331177
2025-11-12 18:19:37,BTC,50.0,50.0,0,2,0.48892221599817276,0.4624314226563797
2025-11-12 18:19:37,SOL,100.0,0.0,0,1,0.8769425749778748,0.8769425749778748
2025-11-12 19:20:11,SOL,100.0,0,0,1,0.5486929416656494,0.5486929416656494
2025-11-12 19:20:11,UNKNOWN,100.0,0,0,1,0.88856440782547,0.88856440782547
2025-11-12 19:20:11,BTC,100.0,0,0,4,0.8491690158843994,0.8483443581919078
2025-11-12 20:20:36,UNKNOWN,0.0,100.0,0,1,0.021963264793157578,0.021963264793157578
2025-11-12 20:20:36,BTC,100.0,0.0,0,3,0.7740572492281595,0.7746729207516936
2025-11-12 20:20:36,ETH,100.0,0.0,0,1,0.1630026400089264,0.1630026400089264
2025-11-12 21:21:09,BTC,80.0,20.0,0,5,0.5574399007484316,0.5109429989479097
2025-11-12 21:21:09,UNKNOWN,100.0,0.0,0,1,0.5874325633049011,0.5874325633049011
2025-11-12 21:21:09,ETH,100.0,0.0,0,1,0.20257267355918884,0.20257267355918884
2025-11-12 21:21:09,SOL,100.0,0.0,0,1,0.9004560112953186,0.9004560112953186
2025-11-12 22:21:43,BTC,85.71428571428571,14.285714285714285,0.0,7,0.6956376579723188,0.6733421834941424
2025-11-12 22:21:43,UNKNOWN,100.0,0.0,0.0,2,0.87507763504982,0.8651248429541346
2025-11-12 22:21:43,ETH,100.0,0.0,0.0,1,0.8673132061958313,0.8673132061958312
2025-11-12 22:21:43,SOL,66.66666666666666,0.0,33.33333333333333,3,0.5723853210608164,0.43094479132446467
2025-11-13 07:27:02,BTC,80.0,20.0,0,15,0.6373573257898291,0.690561765973304
2025-11-13 07:27:02,UNKNOWN,75.0,25.0,0,8,0.5362459437455982,0.5842886781765213
2025-11-13 07:27:02,ETH,100.0,0.0,0,5,0.7744279026985168,0.7656387953673015
2025-11-13 07:27:02,SOL,100.0,0.0,0,2,0.8796966969966888,0.880719006060937
2025-11-13 08:27:32,SOL,0.0,100.0,0,1,0.01576884463429451,0.01576884463429451
2025-11-13 08:27:32,BTC,80.0,20.0,0,5,0.603659138083458,0.6431811091745239
2025-11-13 08:27:32,UNKNOWN,100.0,0.0,0,1,0.493036150932312,0.493036150932312
2025-11-13 10:03:26,BTC,100.0,0,0,5,0.7667807817459107,0.6802883494402033
2025-11-13 10:03:26,ETH,100.0,0,0,1,0.8399822115898132,0.8399822115898133
2025-11-13 11:04:02,ETH,50.0,0,50.0,2,0.24763022363185883,0.08388291087255963
2025-11-13 11:04:02,UNKNOWN,100.0,0,0.0,1,0.852689802646637,0.852689802646637
2025-11-13 11:04:02,BTC,100.0,0,0.0,3,0.6985207398732504,0.6342412787709966
2025-11-13 12:05:33,UNKNOWN,0.0,66.66666666666666,33.33333333333333,3,0.15851152936617532,0.16913315180421237
2025-11-13 12:05:33,BTC,100.0,0.0,0.0,1,0.8706291913986206,0.8706291913986206
2025-11-13 13:06:18,ETH,100.0,0,0,2,0.7910854518413544,0.7886356908335705
2025-11-13 13:06:18,BTC,100.0,0,0,1,0.7742811441421509,0.774281144142151
2025-11-13 14:06:46,UNKNOWN,100.0,0,0,1,0.7182232141494751,0.7182232141494751
2025-11-13 14:06:46,BTC,100.0,0,0,5,0.7911146521568299,0.786979337249407
2025-11-13 14:06:46,SOL,100.0,0,0,2,0.8157466053962708,0.8732546567895006
2025-11-13 15:07:18,BTC,75.0,25.0,0,4,0.5758811179548502,0.5711066149970767
2025-11-13 15:07:18,ETH,100.0,0.0,0,1,0.8506597876548767,0.8506597876548768
2025-11-13 15:07:18,UNKNOWN,100.0,0.0,0,1,0.7605348825454712,0.7605348825454712
2025-11-13 16:08:56,BTC,60.0,20.0,20.0,5,0.4703588459640741,0.42160129322378553
2025-11-13 16:08:56,UNKNOWN,100.0,0.0,0.0,2,0.7558741867542267,0.7552856853253057
2025-11-13 16:08:56,ETH,100.0,0.0,0.0,1,0.7521011233329773,0.7521011233329773
2025-11-13 17:10:26,BTC,100.0,0,0,4,0.7962189465761185,0.7799760558185788
2025-11-13 17:10:26,UNKNOWN,100.0,0,0,1,0.8558508157730103,0.8558508157730103
2025-11-13 17:10:26,ETH,100.0,0,0,1,0.9072951674461365,0.9072951674461365
2025-11-13 17:10:26,SOL,100.0,0,0,1,0.8772165775299072,0.8772165775299072
2025-11-13 17:49:14,86.66666666666667,9.0,4.333333333333334,300
2025-11-13 18:52:00,85.0,10.333333333333334,4.666666666666667,300
2025-11-13 19:54:41,84.66666666666667,10.666666666666668,4.666666666666667,300
2025-11-13 20:57:12,85.66666666666667,9.666666666666666,4.666666666666667,300
2025-11-13 22:00:02,85.33333333333334,10.0,4.666666666666667,300
2025-11-13 23:02:52,85.66666666666667,9.666666666666666,4.666666666666667,300
2025-11-14 00:05:18,86.33333333333333,9.333333333333334,4.333333333333334,300
2025-11-14 01:07:51,86.66666666666667,9.0,4.333333333333334,300
2025-11-14 02:10:34,86.66666666666667,8.666666666666668,4.666666666666667,300
2025-11-14 03:13:52,86.66666666666667,8.666666666666668,4.666666666666667,300
2025-11-14 04:17:14,86.66666666666667,8.666666666666668,4.666666666666667,300
2025-11-14 05:20:35,87.0,8.333333333333332,4.666666666666667,300
2025-11-14 06:23:43,87.33333333333333,9.0,3.6666666666666665,300
2025-11-14 07:26:52,85.66666666666667,11.0,3.3333333333333335,300
2025-11-14 08:30:44,84.33333333333334,11.666666666666666,4.0,300
2025-11-14 09:34:16,83.33333333333334,12.333333333333334,4.333333333333334,300
2025-11-14 12:00:36,84.66666666666667,11.333333333333332,4.0,300
2025-11-14 13:04:27,84.0,10.666666666666668,5.333333333333334,300
2025-11-14 14:08:03,83.66666666666667,11.333333333333332,5.0,300
2025-11-14 15:12:31,84.0,11.0,5.0,300
2025-11-14 16:15:57,83.66666666666667,11.333333333333332,5.0,300
2025-11-14 17:18:53,83.66666666666667,11.666666666666666,4.666666666666667,300
2025-11-14 18:21:55,83.66666666666667,12.0,4.333333333333334,300
2025-11-14 19:24:28,83.66666666666667,11.666666666666666,4.666666666666667,300
2025-11-14 20:26:55,83.0,12.333333333333334,4.666666666666667,300
2025-11-14 21:29:36,83.33333333333334,12.666666666666668,4.0,300
2025-11-14 22:32:01,83.33333333333334,12.0,4.666666666666667,300
2025-11-14 23:34:27,83.33333333333334,12.0,4.666666666666667,300
2025-11-15 00:37:12,84.0,11.333333333333332,4.666666666666667,300
2025-11-15 01:39:52,85.0,10.666666666666668,4.333333333333334,300
2025-11-15 02:42:39,84.66666666666667,11.0,4.333333333333334,300
2025-11-15 03:45:59,85.0,10.666666666666668,4.333333333333334,300
2025-11-15 08:00:29,86.33333333333333,10.0,3.6666666666666665,300
2025-11-15 09:41:02,BTC,66.66666666666666,33.33333333333333,0,3,0.696999192237854,0.693508450448
2025-11-15 10:41:33,BTC,100.0,0,0,1,0.7574952244758606,0.7574952244758606
2025-11-15 11:42:00,BTC,0,100.0,0,1,0.006311213597655296,0.0063112135976552955
2025-11-15 12:42:27,BTC,100.0,0,0,2,0.7753997147083282,0.7815605330130583
2025-11-15 12:42:27,ETH,100.0,0,0,1,0.868278443813324,0.868278443813324
2025-11-15 12:42:27,UNKNOWN,100.0,0,0,1,0.8790156245231628,0.8790156245231627
2025-11-15 13:42:52,BTC,100.0,0.0,0,2,0.8674464523792267,0.8678723634824103
2025-11-15 13:42:52,UNKNOWN,0.0,100.0,0,1,0.4283082187175751,0.4283082187175751
2025-11-15 14:43:21,SOL,100.0,0,0,2,0.8512163758277893,0.8450034369212054
2025-11-15 14:43:21,BTC,100.0,0,0,1,0.08714994788169861,0.08714994788169862
2025-11-15 15:44:15,BTC,100.0,0,0,3,0.8643884261449178,0.8628335423085446
2025-11-15 16:44:54,UNKNOWN,0.0,100.0,0,1,-0.2383943349123001,-0.2383943349123001
2025-11-15 16:44:54,BTC,100.0,0.0,0,1,0.5867915153503418,0.5867915153503418
2025-11-15 16:44:54,ETH,100.0,0.0,0,1,0.8797376155853271,0.8797376155853271
2025-11-15 17:45:20,UNKNOWN,100.0,0.0,0,2,0.6796915829181671,0.6774948641236729
2025-11-15 17:45:20,BTC,66.66666666666666,33.33333333333333,0,3,0.604988823334376,0.6670510812673096
2025-11-15 18:46:17,BTC,71.42857142857143,0.0,28.57142857142857,7,0.3774577932698386,0.3812529334443613
2025-11-15 18:46:17,ETH,0.0,100.0,0.0,1,0.30456438660621643,0.30456438660621643
2025-11-15 19:46:48,BTC,100.0,0,0.0,3,0.7829659382502238,0.7835092301618293
2025-11-15 19:46:48,ETH,0.0,0,100.0,1,-0.9229457974433899,-0.9229457974433899
2025-11-15 20:47:22,ETH,33.33333333333333,66.66666666666666,0.0,3,0.2683905493468046,0.3192859384790596
2025-11-15 20:47:22,UNKNOWN,100.0,0.0,0.0,2,0.6906426846981049,0.7683095030526204
2025-11-15 20:47:22,BTC,75.0,0.0,25.0,4,0.525104746222496,0.49960617760144077
2025-11-15 21:47:51,UNKNOWN,0.0,50.0,50.0,2,-0.14370960742235184,-0.13453322870881487
2025-11-15 21:47:51,BTC,50.0,50.0,0.0,2,0.3855839744210243,0.33433100383236797
2025-11-15 21:47:51,ETH,100.0,0.0,0.0,1,0.6383287906646729,0.6383287906646729
2025-11-15 22:48:20,BTC,75.0,0,25.0,4,0.2759942561388016,0.20824051574739158
2025-11-15 23:48:48,UNKNOWN,100.0,0,0,1,0.8644059896469116,0.8644059896469116
2025-11-15 23:48:48,BTC,100.0,0,0,1,0.8003373742103577,0.8003373742103577
2025-11-15 23:48:48,SOL,100.0,0,0,1,0.5983480215072632,0.5983480215072632
2025-11-16 00:49:17,ETH,100.0,0,0,1,0.871476411819458,0.871476411819458
2025-11-16 00:49:17,BTC,100.0,0,0,3,0.8660579522450765,0.864521097554459
2025-11-16 01:49:43,BTC,100.0,0,0,1,0.7244342565536499,0.7244342565536499
2025-11-16 01:49:43,ETH,100.0,0,0,1,0.8852028250694275,0.8852028250694275
2025-11-16 02:50:12,BTC,100.0,0,0,2,0.49099941551685333,0.49097956219713784
2025-11-16 02:50:12,UNKNOWN,100.0,0,0,1,0.7384306192398071,0.738430619239807
2025-11-16 04:51:09,ETH,100.0,0,0,1,0.8627311587333679,0.8627311587333679
2025-11-16 04:51:09,BTC,100.0,0,0,4,0.7744658291339874,0.7853239803537632
2025-11-16 04:51:09,UNKNOWN,100.0,0,0,1,0.642601490020752,0.642601490020752
2025-11-16 09:45:28,UNKNOWN,100.0,0.0,0,2,0.7152898013591766,0.6910661069021611
2025-11-16 09:45:28,BTC,87.5,12.5,0,8,0.7047521150670946,0.7032883985052913
2025-11-16 09:45:28,ETH,100.0,0.0,0,1,0.8667505383491516,0.8667505383491515
2025-11-16 10:45:55,UNKNOWN,50.0,50.0,0,2,0.4710671789944172,0.40741449076916825
2025-11-16 10:45:55,BTC,100.0,0.0,0,1,0.38892561197280884,0.38892561197280884
2025-11-16 10:45:55,ETH,100.0,0.0,0,1,0.6344964504241943,0.6344964504241943
2025-11-16 11:46:26,BTC,60.0,20.0,20.0,5,0.4069434225559235,0.30724254249311933
2025-11-16 11:46:26,UNKNOWN,66.66666666666666,33.33333333333333,0.0,3,0.5355540017286936,0.5857464666481902
2025-11-16 12:47:01,BTC,100.0,0,0,2,0.7310782670974731,0.7451005185157898
2025-11-16 12:47:01,UNKNOWN,100.0,0,0,2,0.7394497692584991,0.5769195655488378
2025-11-16 14:29:53,UNKNOWN,66.66666666666666,33.33333333333333,0,3,0.620094453295072,0.6059175306665113
2025-11-16 14:29:53,BTC,100.0,0.0,0,2,0.8350876271724701,0.8353263735199417
2025-11-16 17:15:13,UNKNOWN,66.66666666666666,33.33333333333333,0.0,3,0.5284274518489838,0.47563989433365556
2025-11-16 17:15:13,Ethereum,100.0,0.0,0.0,1,0.7121837735176086,0.7121837735176086
2025-11-16 17:15:13,Bitcoin,100.0,0.0,0.0,4,0.8234053403139114,0.8442296407707894
2025-11-16 17:48:04,UNKNOWN,0.0,100.0,0,1,0.05619780719280243,0.05619780719280243
2025-11-16 17:48:04,BTC,33.33333333333333,66.66666666666666,0,3,0.37771356105804443,0.38318727166556255
2025-11-16 19:18:02,BTC,100.0,0,0,5,0.776733148097992,0.7762962238603046
2025-11-16 19:18:02,SOL,100.0,0,0,1,0.8338408470153809,0.8338408470153809
2025-11-16 19:18:02,UNKNOWN,100.0,0,0,2,0.7477482259273529,0.7477850273931882
2025-11-16 19:18:02,ETH,100.0,0,0,1,0.9119405150413513,0.9119405150413513
2025-11-16 20:18:36,ETH,100.0,0,0,1,0.7674201130867004,0.7674201130867004
2025-11-16 20:18:36,BTC,100.0,0,0,4,0.7639629244804382,0.7627653547919842
2025-11-16 20:18:36,UNKNOWN,100.0,0,0,2,0.5788726508617401,0.576896573536775
2025-11-16 20:18:36,SOL,100.0,0,0,1,0.8661576509475708,0.8661576509475708
2025-11-16 21:19:06,BTC,100.0,0,0,3,0.7449299494425455,0.7421797174782134
2025-11-16 22:19:39,BTC,33.33333333333333,66.66666666666666,0,3,0.2897227108478546,0.16946800578380067
2025-11-16 22:19:39,ETH,100.0,0.0,0,3,0.6469785769780477,0.6652229001642422
2025-11-16 22:19:39,UNKNOWN,100.0,0.0,0,1,0.7759766578674316,0.7759766578674316
2025-11-16 22:19:39,SOL,100.0,0.0,0,1,0.8831769227981567,0.8831769227981568
2025-11-16 23:20:13,BTC,100.0,0,0.0,6,0.7290638486544291,0.7089811392658409
2025-11-16 23:20:13,UNKNOWN,0.0,0,100.0,1,-0.8947963118553162,-0.8947963118553162
2025-11-17 00:20:44,UNKNOWN,0.0,100.0,0.0,1,0.09714841097593307,0.09714841097593307
2025-11-17 00:20:44,BTC,60.0,20.0,20.0,5,0.41591516602784395,0.4234577364239889
2025-11-17 01:21:09,UNKNOWN,100.0,0.0,0,2,0.6542095243930817,0.65482775828965
2025-11-17 01:21:09,BTC,50.0,50.0,0,2,0.38212092220783234,0.44466101286008547
2025-11-17 01:21:09,ETH,100.0,0.0,0,1,0.6548185348510742,0.6548185348510742
2025-11-17 02:21:36,BTC,100.0,0,0,1,0.8628754615783691,0.862875461578369
2025-11-17 02:21:36,UNKNOWN,100.0,0,0,4,0.821134552359581,0.8172536428956805
2025-11-17 02:21:36,SOL,100.0,0,0,2,0.5046476125717163,0.5001395390931129
2025-11-17 03:22:01,BTC,75.0,25.0,0,4,0.6529322071000934,0.6018593237154888
2025-11-17 04:22:26,UNKNOWN,50.0,50.0,0,2,0.34929802268743515,0.22862090092029913
2025-11-17 04:22:26,ETH,100.0,0.0,0,1,0.6155058741569519,0.6155058741569519
2025-11-17 05:23:00,BTC,33.33333333333333,66.66666666666666,0,3,0.5448221862316132,0.4710916524696729
2025-11-17 05:23:00,UNKNOWN,100.0,0.0,0,1,0.7809767127037048,0.7809767127037048
2025-11-17 05:23:00,ETH,100.0,0.0,0,1,0.885104775428772,0.885104775428772
2025-11-17 06:23:27,UNKNOWN,0.0,0,100.0,1,-0.09527832269668579,-0.09527832269668579
2025-11-17 06:23:27,BTC,100.0,0,0.0,1,0.8523182272911072,0.8523182272911072
2025-11-17 07:23:56,BTC,80.0,0,20.0,5,0.5056158185005188,0.5114190198013004
2025-11-17 07:23:56,UNKNOWN,100.0,0,0.0,1,0.5192596912384033,0.5192596912384033
2025-11-17 08:24:23,UNKNOWN,100.0,0.0,0,1,0.8427422642707825,0.8427422642707824
2025-11-17 08:24:23,BTC,75.0,25.0,0,4,0.564309261739254,0.5774728994459789
2025-11-17 09:35:20,UNKNOWN,100.0,0.0,0,2,0.8391814231872559,0.840190687627405
2025-11-17 09:35:20,BTC,100.0,0.0,0,2,0.7060203552246094,0.7157712516169386
2025-11-17 09:35:20,ETH,0.0,100.0,0,1,0.13299579918384552,0.13299579918384552
2025-11-17 10:35:55,BTC,66.66666666666666,33.33333333333333,0,3,0.20519477625687918,0.19196948619372042
2025-11-17 10:35:55,UNKNOWN,100.0,0.0,0,1,0.6640780568122864,0.6640780568122864
2025-11-17 11:36:26,BTC,100.0,0.0,0,5,0.8196859002113343,0.8166217554245234
2025-11-17 11:36:26,ETH,50.0,50.0,0,2,0.42116524931043386,0.3702742652951029
2025-11-17 12:36:54,BTC,100.0,0,0,2,0.8069155514240265,0.806928221195646
2025-11-17 12:36:54,ETH,100.0,0,0,1,0.8613691329956055,0.8613691329956055
2025-11-17 14:06:13,BTC,50.0,33.33333333333333,16.666666666666664,6,0.38237273693084717,0.3354746567014525
2025-11-17 14:06:13,ETH,66.66666666666666,33.33333333333333,0.0,3,0.6880018909772238,0.6670045522120034
2025-11-17 14:06:13,UNKNOWN,100.0,0.0,0.0,2,0.7899588346481323,0.8031637127990204
2025-11-17 14:06:13,SOL,100.0,0.0,0.0,1,0.810874879360199,0.810874879360199
2025-11-17 21:27:40,BTC,72.0,24.0,4.0,25,0.5119649368524551,0.5310181800638852
2025-11-17 21:27:40,SOL,66.66666666666666,33.33333333333333,0.0,6,0.6335841057201227,0.609149435902838
2025-11-17 21:27:40,UNKNOWN,87.5,12.5,0.0,8,0.7293548136949539,0.7504921563299978
2025-11-17 21:27:40,ETH,75.0,0.0,25.0,4,0.3902347981929779,0.30130316006085783
2025-11-17 21:58:07,UNKNOWN,100.0,0,0,1,0.9027358293533325,0.9027358293533325
2025-11-17 22:28:38,BTC,75.0,25.0,0,4,0.6161413416266441,0.5994360744673533
2025-11-17 22:28:38,SOL,100.0,0.0,0,1,0.8807189464569092,0.8807189464569092
2025-11-17 22:59:04,BTC,0,100.0,0,1,0.21298345923423767,0.21298345923423767
2025-11-18 06:16:05,BTC,77.77777777777779,18.51851851851852,3.7037037037037033,27,0.6394948168761201,0.6707354301711822
2025-11-18 06:16:05,ETH,100.0,0.0,0.0,4,0.7140849456191063,0.6838200156791515
2025-11-18 06:16:05,SOL,100.0,0.0,0.0,4,0.7588420510292053,0.7924853773222482
2025-11-18 06:16:05,UNKNOWN,66.66666666666666,33.33333333333333,0.0,3,0.5216615200042725,0.438578763683401
2025-11-18 06:46:30,BTC,100.0,0,0,2,0.7097422182559967,0.7102001243841538
2025-11-18 07:17:06,UNKNOWN,100.0,0,0,2,0.8220407366752625,0.8369964509366257
2025-11-18 07:17:06,BTC,100.0,0,0,3,0.7421207626660665,0.7042066297926187
2025-11-18 07:47:37,UNKNOWN,100.0,0.0,0,1,0.8016198873519897,0.8016198873519897
2025-11-18 07:47:37,BTC,66.66666666666666,33.33333333333333,0,3,0.5407614369566242,0.46412195910665505
2025-11-18 08:18:10,SOL,100.0,0.0,0.0,1,0.7272329926490784,0.7272329926490784
2025-11-18 08:18:10,UNKNOWN,50.0,50.0,0.0,2,0.29915302619338036,0.25752232405164255
2025-11-18 08:18:10,BTC,66.66666666666666,0.0,33.33333333333333,3,0.3272273540496826,0.39119090391271
