_id,time,positive,neutral,negative,total,coin,total_posts,avg_polarity,time_weighted_polarity
68e60d37e9cc976f89ef71b3,2025-10-08 07:05:27,32.5,59,8.5,200,,,,
68e60ddfef6beced7d2e7975,2025-10-08 07:08:15,32.5,59,8.5,200,,,,
68e61539980e47aaf44897b1,2025-10-08 07:39:37,28.333333333333332,64.33333333333333,7.333333333333333,300,,,,
68e6195d03b93cac176fddf2,2025-10-08 07:57:17,28.000000000000004,64.66666666666666,7.333333333333333,300,,,,
68f91169a21e6ea2b99422d9,2025-10-22T17:16:25.236Z,33.75,60,6.25,80,,,,
68fc95e330dbce32e28d9193,2025-10-25 09:18:27,33.33333333333333,59,7.666666666666666,300,,,,
68fcc3e84567ee991e042db3,2025-10-25 12:34:48,35,57.333333333333336,7.666666666666666,300,,,,
68fcc8981f499aae6f026352,2025-10-25 12:54:48,85.33333333333334,8,6.666666666666667,300,,,,
68fcd7921f499aae6f02647f,2025-10-25 13:58:42,85.66666666666667,7.333333333333333,7.000000000000001,300,,,,
68fce6691f499aae6f0265ac,2025-10-25 15:02:01,85.33333333333334,7.333333333333333,7.333333333333333,300,,,,
68fcf54a1f499aae6f0266d9,2025-10-25 16:05:30,85.33333333333334,7.000000000000001,7.666666666666666,300,,,,
68fd04521f499aae6f026806,2025-10-25 17:09:38,85.33333333333334,6.666666666666667,8,300,,,,
68fd13101f499aae6f026933,2025-10-25 18:12:32,85,7.000000000000001,8,300,,,,
68fd21d91f499aae6f026a60,2025-10-25 19:15:37,84.66666666666667,7.666666666666666,7.666666666666666,300,,,,
68fd30c41f499aae6f026b8d,2025-10-25 20:19:16,84.66666666666667,7.666666666666666,7.666666666666666,300,,,,
68fdbd385b944ccda4905f36,2025-10-26 06:18:32,86,6.333333333333334,7.666666666666666,300,,,,
68fdcbe25b944ccda4906063,2025-10-26 07:21:05,86,6.333333333333334,7.666666666666666,300,,,,
68fddac55b944ccda4906190,2025-10-26 08:24:37,85.66666666666667,6.666666666666667,7.666666666666666,300,,,,
68fde9be5b944ccda49062bd,2025-10-26 09:28:30,85.66666666666667,6.666666666666667,7.666666666666666,300,,,,
68fdf8ba5b944ccda49063ea,2025-10-26 10:32:26,85.66666666666667,6.333333333333334,8,300,,,,
68fe07f45b944ccda4906517,2025-10-26 11:37:24,86,6,8,300,,,,
68ffa5c01f1d33d8eaa92d05,2025-10-27 17:02:56,83.33333333333334,7.666666666666666,9,300,,,,
6900e72b70672fde97f7fcde,2025-10-28 15:54:19,85.66666666666667,5.666666666666666,8.666666666666668,300,,,,
6900f62870672fde97f7fe0b,2025-10-28 16:58:16,86.33333333333333,6.333333333333334,7.333333333333333,300,,,,
690104f170672fde97f7ff38,2025-10-28 18:01:21,87.33333333333333,5.666666666666666,7.000000000000001,300,,,,
690113b970672fde97f80065,2025-10-28 19:04:25,87,6,7.000000000000001,300,,,,
6901227e70672fde97f80192,2025-10-28 20:07:26,87,6.333333333333334,6.666666666666667,300,,,,
6901314470672fde97f802bf,2025-10-28 21:10:28,86.33333333333333,6.666666666666667,7.000000000000001,300,,,,
6901401170672fde97f803ec,2025-10-28 22:13:37,85.66666666666667,6.666666666666667,7.666666666666666,300,,,,
69014eeb70672fde97f80519,2025-10-28 23:16:59,86,6.333333333333334,7.666666666666666,300,,,,
69019b8f9b54a8db3c3e8887,2025-10-29 04:43:59,86,6.333333333333334,7.666666666666666,300,,,,
6901aa439b54a8db3c3e89b4,2025-10-29 05:46:43,85.66666666666667,6.666666666666667,7.666666666666666,300,,,,
6901b8e79b54a8db3c3e8ae1,2025-10-29 06:49:11,85.33333333333334,7.000000000000001,7.666666666666666,300,,,,
6901c7859b54a8db3c3e8c0e,2025-10-29 07:51:33,86.33333333333333,6,7.666666666666666,300,,,,
6901d64d9b54a8db3c3e8d3b,2025-10-29 08:54:37,86.66666666666667,6,7.333333333333333,300,,,,
6901e4f29b54a8db3c3e8e68,2025-10-29 09:57:06,87.33333333333333,5,7.666666666666666,300,,,,
6901f3b69b54a8db3c3e8f95,2025-10-29 11:00:06,87.66666666666667,5,7.333333333333333,300,,,,
6902027b9b54a8db3c3e90c2,2025-10-29 12:03:07,88,5.666666666666666,6.333333333333334,300,,,,
6902111a9b54a8db3c3e91ef,2025-10-29 13:05:30,88.33333333333333,5,6.666666666666667,300,,,,
69021fc99b54a8db3c3e931c,2025-10-29 14:08:09,87.66666666666667,5.333333333333334,7.000000000000001,300,,,,
69022e9d9b54a8db3c3e9449,2025-10-29 15:11:25,87.33333333333333,6,6.666666666666667,300,,,,
69026a86a80388915b79f77c,2025-10-29 19:27:02,86.33333333333333,7.000000000000001,6.666666666666667,300,,,,
69027932a80388915b79f8a9,2025-10-29 20:29:38,86.33333333333333,7.000000000000001,6.666666666666667,300,,,,
690287e6a80388915b79f9d6,2025-10-29 21:32:22,84.66666666666667,8.666666666666668,6.666666666666667,300,,,,
690296aaa80388915b79fb03,2025-10-29 22:35:22,85,8.333333333333332,6.666666666666667,300,,,,
6902de0ba80388915b79fc30,2025-10-30 03:39:55,84.33333333333334,8.333333333333332,7.333333333333333,300,,,,
6902ec9aa80388915b79fd5d,2025-10-30 04:42:02,83.33333333333334,9.333333333333334,7.333333333333333,300,,,,
6902f5b71b02744943cd735b,2025-10-30 05:20:55,83.33333333333334,9.333333333333334,7.333333333333333,300,,,,
690304751b02744943cd7488,2025-10-30 06:23:49,84,9,7.000000000000001,300,,,,
690313271b02744943cd75b5,2025-10-30 07:26:31,84,9.333333333333334,6.666666666666667,300,,,,
69038f601c7cac5eeae67db2,2025-10-30 16:16:32,81.66666666666667,11,7.333333333333333,300,,,,
69039e291c7cac5eeae67edf,2025-10-30 17:19:37,82,10.666666666666668,7.333333333333333,300,,,,
6903acd61c7cac5eeae6800c,2025-10-30 18:22:14,82,11,7.000000000000001,300,,,,
6903bb9b1c7cac5eeae68139,2025-10-30 19:25:15,82.33333333333334,11,6.666666666666667,300,,,,
6903ca6b1c7cac5eeae68266,2025-10-30 20:28:27,82,11,7.000000000000001,300,,,,
6903d91d1c7cac5eeae68393,2025-10-30 21:31:09,81.66666666666667,10.666666666666668,7.666666666666666,300,,,,
6903e7c31c7cac5eeae684c0,2025-10-30 22:33:39,81.33333333333333,11,7.666666666666666,300,,,,
6903f6711c7cac5eeae685ed,2025-10-30 23:36:17,82.33333333333334,10.333333333333334,7.333333333333333,300,,,,
690405221c7cac5eeae6871a,2025-10-31 00:38:58,83,9.666666666666666,7.333333333333333,300,,,,
690413d31c7cac5eeae68847,2025-10-31 01:41:39,83,10,7.000000000000001,300,,,,
6904228a1c7cac5eeae68974,2025-10-31 02:44:26,83,9.666666666666666,7.333333333333333,300,,,,
6904315e1c7cac5eeae68aa1,2025-10-31 03:47:42,83.66666666666667,9,7.333333333333333,300,,,,
6907105e8c7cee7480a82abb,2025-11-02 08:03:42,85,8,7.000000000000001,300,,,,
69071f0c8c7cee7480a82be8,2025-11-02 09:06:20,85.33333333333334,8,6.666666666666667,300,,,,
69072d948c7cee7480a82d15,2025-11-02 10:08:20,84.33333333333334,8.666666666666668,7.000000000000001,300,,,,
69073c408c7cee7480a82e42,2025-11-02 11:10:56,84,9,7.000000000000001,300,,,,
69074ad88c7cee7480a82f6f,2025-11-02 12:13:12,84,9,7.000000000000001,300,,,,
690759828c7cee7480a8309c,2025-11-02 13:15:46,84,9,7.000000000000001,300,,,,
6907680d8c7cee7480a831c9,2025-11-02 14:17:49,84.33333333333334,8.666666666666668,7.000000000000001,300,,,,
690776ab8c7cee7480a832f6,2025-11-02 15:20:11,84.66666666666667,8,7.333333333333333,300,,,,
690785578c7cee7480a83423,2025-11-02 16:22:47,84,8.666666666666668,7.333333333333333,300,,,,
690793eb8c7cee7480a83550,2025-11-02 17:24:59,83.66666666666667,8.666666666666668,7.666666666666666,300,,,,
6907a2868c7cee7480a8367d,2025-11-02 18:27:18,84.33333333333334,8,7.666666666666666,300,,,,
6914588bfbb48be7b45fdb04,2025-11-12 09:51:07,86,10,4,300,,,,
69146720fbb48be7b45fdc31,2025-11-12 10:53:20,86.66666666666667,9.333333333333334,4,300,,,,
691475c5fbb48be7b45fdd5e,2025-11-12 11:55:49,86,10,4,300,,,,
69148460fbb48be7b45fde8b,2025-11-12 12:58:08,86.66666666666667,9,4.333333333333334,300,,,,
6914932cfbb48be7b45fdfb8,2025-11-12 14:01:16,86.66666666666667,8.666666666666668,4.666666666666667,300,,,,
6914a4aa97a52b1224322756,2025-11-12 15:15:53,75.60975609756098,17.073170731707318,7.317073170731707,,BTC,41,0.6020859587346998,0.7231403341963877
6914a4aa97a52b1224322757,2025-11-12 15:15:54,72.72727272727273,27.27272727272727,0,,UNKNOWN,11,0.5634165096350692,0.7178567094997105
6914a4aa97a52b1224322758,2025-11-12 15:15:54,90.47619047619048,4.761904761904762,4.761904761904762,,ETH,21,0.6526509590801739,0.8454974990795608
6914a4aa97a52b1224322759,2025-11-12 15:15:54,100,0,0,,SOL,17,0.8255521549898035,0.8695533278542124
6914b30d97a52b122432275f,2025-11-12 16:17:17,100,0,0,,BTC,2,0.8181339800357819,0.8170768586700542
6914b30d97a52b1224322760,2025-11-12 16:17:17,100,0,0,,ETH,2,0.7672449946403503,0.7754657268523136
6914b30d97a52b1224322761,2025-11-12 16:17:17,100,0,0,,SOL,1,0.8970249891281128,0.8970249891281128
6914c16197a52b1224322767,2025-11-12 17:18:25,50,50,0,,BTC,2,0.3792261779308319,0.3975879683596962
6914c16197a52b1224322768,2025-11-12 17:18:25,100,0,0,,ETH,2,0.821604311466217,0.8886614434583568
6914c16197a52b1224322769,2025-11-12 17:18:25,100,0,0,,UNKNOWN,1,0.6195260286331177,0.6195260286331177
6914cfb997a52b122432276d,2025-11-12 18:19:37,50,50,0,,BTC,2,0.48892221599817276,0.4624314226563797
6914cfb997a52b122432276e,2025-11-12 18:19:37,100,0,0,,SOL,1,0.8769425749778748,0.8769425749778748
6914ddeb97a52b1224322775,2025-11-12 19:20:11,100,0,0,,SOL,1,0.5486929416656494,0.5486929416656494
6914ddeb97a52b1224322776,2025-11-12 19:20:11,100,0,0,,UNKNOWN,1,0.88856440782547,0.88856440782547
6914ddeb97a52b1224322777,2025-11-12 19:20:11,100,0,0,,BTC,4,0.8491690158843994,0.8483443581919078
6914ec1497a52b122432277d,2025-11-12 20:20:36,0,100,0,,UNKNOWN,1,0.021963264793157578,0.021963264793157578
6914ec1497a52b122432277e,2025-11-12 20:20:36,100,0,0,,BTC,3,0.7740572492281595,0.7746729207516936
6914ec1497a52b122432277f,2025-11-12 20:20:36,100,0,0,,ETH,1,0.1630026400089264,0.1630026400089264
6914fa4597a52b1224322788,2025-11-12 21:21:09,80,20,0,,BTC,5,0.5574399007484316,0.5109429989479097
6914fa4597a52b1224322789,2025-11-12 21:21:09,100,0,0,,UNKNOWN,1,0.5874325633049011,0.5874325633049011
6914fa4597a52b122432278a,2025-11-12 21:21:09,100,0,0,,ETH,1,0.20257267355918884,0.20257267355918884
6914fa4597a52b122432278b,2025-11-12 21:21:09,100,0,0,,SOL,1,0.9004560112953186,0.9004560112953186
6915087797a52b122432279a,2025-11-12 22:21:43,100,0,0,,UNKNOWN,2,0.87507763504982,0.8651248429541346
6915087797a52b122432279c,2025-11-12 22:21:43,66.66666666666666,0,33.33333333333333,,SOL,3,0.5723853210608164,0.43094479132446467
6915087797a52b122432279b,2025-11-12 22:21:43,100,0,0,,ETH,1,0.8673132061958313,0.8673132061958312
6915087797a52b1224322799,2025-11-12 22:21:43,85.71428571428571,14.285714285714285,0,,BTC,7,0.6956376579723188,0.6733421834941424
69158846751cb07b6ee28743,2025-11-13 07:27:02,100,0,0,,SOL,2,0.8796966969966888,0.880719006060937
69158846751cb07b6ee28740,2025-11-13 07:27:02,80,20,0,,BTC,15,0.6373573257898291,0.690561765973304
69158846751cb07b6ee28741,2025-11-13 07:27:02,75,25,0,,UNKNOWN,8,0.5362459437455982,0.5842886781765213
69158846751cb07b6ee28742,2025-11-13 07:27:02,100,0,0,,ETH,5,0.7744279026985168,0.7656387953673015
69159674751cb07b6ee2874c,2025-11-13 08:27:32,80,20,0,,BTC,5,0.603659138083458,0.6431811091745239
69159674751cb07b6ee2874d,2025-11-13 08:27:32,100,0,0,,UNKNOWN,1,0.493036150932312,0.493036150932312
69159674751cb07b6ee2874b,2025-11-13 08:27:32,0,100,0,,SOL,1,0.01576884463429451,0.01576884463429451
6915acee352a896dd63a49d1,2025-11-13 10:03:26,100,0,0,,BTC,5,0.7667807817459107,0.6802883494402033
6915acee352a896dd63a49d2,2025-11-13 10:03:26,100,0,0,,ETH,1,0.8399822115898132,0.8399822115898133
6915bb22352a896dd63a49db,2025-11-13 11:04:02,100,0,0,,BTC,3,0.6985207398732504,0.6342412787709966
6915bb22352a896dd63a49da,2025-11-13 11:04:02,100,0,0,,UNKNOWN,1,0.852689802646637,0.852689802646637
6915bb22352a896dd63a49d9,2025-11-13 11:04:02,50,0,50,,ETH,2,0.24763022363185883,0.08388291087255963
6915c98d352a896dd63a49e1,2025-11-13 12:05:33,100,0,0,,BTC,1,0.8706291913986206,0.8706291913986206
6915c98d352a896dd63a49e0,2025-11-13 12:05:33,0,66.66666666666666,33.33333333333333,,UNKNOWN,3,0.15851152936617532,0.16913315180421237
6915d7ca352a896dd63a49e5,2025-11-13 13:06:18,100,0,0,,ETH,2,0.7910854518413544,0.7886356908335705
6915d7ca352a896dd63a49e6,2025-11-13 13:06:18,100,0,0,,BTC,1,0.7742811441421509,0.774281144142151
6915e5f6352a896dd63a49f0,2025-11-13 14:06:46,100,0,0,,BTC,5,0.7911146521568299,0.786979337249407
6915e5f6352a896dd63a49f1,2025-11-13 14:06:46,100,0,0,,SOL,2,0.8157466053962708,0.8732546567895006
6915e5f6352a896dd63a49ef,2025-11-13 14:06:46,100,0,0,,UNKNOWN,1,0.7182232141494751,0.7182232141494751
6915f426352a896dd63a49fa,2025-11-13 15:07:18,100,0,0,,UNKNOWN,1,0.7605348825454712,0.7605348825454712
6915f426352a896dd63a49f9,2025-11-13 15:07:18,100,0,0,,ETH,1,0.8506597876548767,0.8506597876548768
6915f426352a896dd63a49f8,2025-11-13 15:07:18,75,25,0,,BTC,4,0.5758811179548502,0.5711066149970767
69160298352a896dd63a4a03,2025-11-13 16:08:56,60,20,20,,BTC,5,0.4703588459640741,0.42160129322378553
69160298352a896dd63a4a05,2025-11-13 16:08:56,100,0,0,,ETH,1,0.7521011233329773,0.7521011233329773
69160298352a896dd63a4a04,2025-11-13 16:08:56,100,0,0,,UNKNOWN,2,0.7558741867542267,0.7552856853253057
69161102352a896dd63a4a0e,2025-11-13 17:10:26,100,0,0,,UNKNOWN,1,0.8558508157730103,0.8558508157730103
69161102352a896dd63a4a10,2025-11-13 17:10:26,100,0,0,,SOL,1,0.8772165775299072,0.8772165775299072
69161102352a896dd63a4a0f,2025-11-13 17:10:26,100,0,0,,ETH,1,0.9072951674461365,0.9072951674461365
69161102352a896dd63a4a0d,2025-11-13 17:10:26,100,0,0,,BTC,4,0.7962189465761185,0.7799760558185788
69161a1a4e7856ccc7c9a1fb,2025-11-13 17:49:14,86.66666666666667,9,4.333333333333334,300,,,,
691628d04e7856ccc7c9a328,2025-11-13 18:52:00,85,10.333333333333334,4.666666666666667,300,,,,
691637814e7856ccc7c9a455,2025-11-13 19:54:41,84.66666666666667,10.666666666666668,4.666666666666667,300,,,,
691646284e7856ccc7c9a582,2025-11-13 20:57:12,85.66666666666667,9.666666666666666,4.666666666666667,300,,,,
691654e24e7856ccc7c9a6af,2025-11-13 22:00:02,85.33333333333334,10,4.666666666666667,300,,,,
6916639c4e7856ccc7c9a7dc,2025-11-13 23:02:52,85.66666666666667,9.666666666666666,4.666666666666667,300,,,,
6916723e4e7856ccc7c9a909,2025-11-14 00:05:18,86.33333333333333,9.333333333333334,4.333333333333334,300,,,,
691680e74e7856ccc7c9aa36,2025-11-14 01:07:51,86.66666666666667,9,4.333333333333334,300,,,,
69168f9a4e7856ccc7c9ab63,2025-11-14 02:10:34,86.66666666666667,8.666666666666668,4.666666666666667,300,,,,
69169e704e7856ccc7c9ac90,2025-11-14 03:13:52,86.66666666666667,8.666666666666668,4.666666666666667,300,,,,
6916ad4a4e7856ccc7c9adbd,2025-11-14 04:17:14,86.66666666666667,8.666666666666668,4.666666666666667,300,,,,
6916bc234e7856ccc7c9aeea,2025-11-14 05:20:35,87,8.333333333333332,4.666666666666667,300,,,,
6916caef4e7856ccc7c9b017,2025-11-14 06:23:43,87.33333333333333,9,3.6666666666666665,300,,,,
6916d9bc4e7856ccc7c9b144,2025-11-14 07:26:52,85.66666666666667,11,3.3333333333333335,300,,,,
6916e8b54e7856ccc7c9b271,2025-11-14 08:30:44,84.33333333333334,11.666666666666666,4,300,,,,
6916f7984e7856ccc7c9b39e,2025-11-14 09:34:16,83.33333333333334,12.333333333333334,4.333333333333334,300,,,,
691719e440cba437d172e978,2025-11-14 12:00:36,84.66666666666667,11.333333333333332,4,300,,,,
691728db40cba437d172eaa5,2025-11-14 13:04:27,84,10.666666666666668,5.333333333333334,300,,,,
691737c340cba437d172ebd2,2025-11-14 14:08:03,83.66666666666667,11.333333333333332,5,300,,,,
691746df40cba437d172ecff,2025-11-14 15:12:31,84,11,5,300,,,,
691755bd40cba437d172ee2c,2025-11-14 16:15:57,83.66666666666667,11.333333333333332,5,300,,,,
6917647d40cba437d172ef59,2025-11-14 17:18:53,83.66666666666667,11.666666666666666,4.666666666666667,300,,,,
6917734340cba437d172f086,2025-11-14 18:21:55,83.66666666666667,12,4.333333333333334,300,,,,
691781ec40cba437d172f1b3,2025-11-14 19:24:28,83.66666666666667,11.666666666666666,4.666666666666667,300,,,,
6917908f40cba437d172f2e0,2025-11-14 20:26:55,83,12.333333333333334,4.666666666666667,300,,,,
69179f4040cba437d172f40d,2025-11-14 21:29:36,83.33333333333334,12.666666666666668,4,300,,,,
6917ade140cba437d172f53a,2025-11-14 22:32:01,83.33333333333334,12,4.666666666666667,300,,,,
6917bc8340cba437d172f667,2025-11-14 23:34:27,83.33333333333334,12,4.666666666666667,300,,,,
6917cb3840cba437d172f794,2025-11-15 00:37:12,84,11.333333333333332,4.666666666666667,300,,,,
6917d9e840cba437d172f8c1,2025-11-15 01:39:52,85,10.666666666666668,4.333333333333334,300,,,,
6917e89f40cba437d172f9ee,2025-11-15 02:42:39,84.66666666666667,11,4.333333333333334,300,,,,
6917f77740cba437d172fb1b,2025-11-15 03:45:59,85,10.666666666666668,4.333333333333334,300,,,,
6918331dc829567c89097534,2025-11-15 08:00:29,86.33333333333333,10,3.6666666666666665,300,,,,
69184aaeeb9ecabc6b9864c6,2025-11-15 09:41:02,66.66666666666666,33.33333333333333,0,,BTC,3,0.696999192237854,0.693508450448
691858ddeb9ecabc6b9864c8,2025-11-15 10:41:33,100,0,0,,BTC,1,0.7574952244758606,0.7574952244758606
69186708eb9ecabc6b9864ca,2025-11-15 11:42:00,0,100,0,,BTC,1,0.006311213597655296,0.0063112135976552955
69187533eb9ecabc6b9864d0,2025-11-15 12:42:27,100,0,0,,ETH,1,0.868278443813324,0.868278443813324
69187533eb9ecabc6b9864d1,2025-11-15 12:42:27,100,0,0,,UNKNOWN,1,0.8790156245231628,0.8790156245231627
69187533eb9ecabc6b9864cf,2025-11-15 12:42:27,100,0,0,,BTC,2,0.7753997147083282,0.7815605330130583
6918835ceb9ecabc6b9864d6,2025-11-15 13:42:52,0,100,0,,UNKNOWN,1,0.4283082187175751,0.4283082187175751
6918835ceb9ecabc6b9864d5,2025-11-15 13:42:52,100,0,0,,BTC,2,0.8674464523792267,0.8678723634824103
69189189eb9ecabc6b9864da,2025-11-15 14:43:21,100,0,0,,SOL,2,0.8512163758277893,0.8450034369212054
69189189eb9ecabc6b9864db,2025-11-15 14:43:21,100,0,0,,BTC,1,0.08714994788169861,0.08714994788169862
69189fcfeb9ecabc6b9864df,2025-11-15 15:44:15,100,0,0,,BTC,3,0.8643884261449178,0.8628335423085446
6918ae06eb9ecabc6b9864e4,2025-11-15 16:44:54,100,0,0,,BTC,1,0.5867915153503418,0.5867915153503418
6918ae06eb9ecabc6b9864e5,2025-11-15 16:44:54,100,0,0,,ETH,1,0.8797376155853271,0.8797376155853271
6918ae06eb9ecabc6b9864e3,2025-11-15 16:44:54,0,100,0,,UNKNOWN,1,-0.2383943349123001,-0.2383943349123001
6918bc30eb9ecabc6b9864eb,2025-11-15 17:45:20,100,0,0,,UNKNOWN,2,0.6796915829181671,0.6774948641236729
6918bc30eb9ecabc6b9864ec,2025-11-15 17:45:20,66.66666666666666,33.33333333333333,0,,BTC,3,0.604988823334376,0.6670510812673096
6918ca79eb9ecabc6b9864f6,2025-11-15 18:46:17,0,100,0,,ETH,1,0.30456438660621643,0.30456438660621643
6918ca79eb9ecabc6b9864f5,2025-11-15 18:46:17,71.42857142857143,0,28.57142857142857,,BTC,7,0.3774577932698386,0.3812529334443613
6918d8a8eb9ecabc6b9864fc,2025-11-15 19:46:48,0,0,100,,ETH,1,-0.9229457974433899,-0.9229457974433899
6918d8a8eb9ecabc6b9864fb,2025-11-15 19:46:48,100,0,0,,BTC,3,0.7829659382502238,0.7835092301618293
6918e6daeb9ecabc6b986508,2025-11-15 20:47:22,75,0,25,,BTC,4,0.525104746222496,0.49960617760144077
6918e6daeb9ecabc6b986507,2025-11-15 20:47:22,100,0,0,,UNKNOWN,2,0.6906426846981049,0.7683095030526204
6918e6daeb9ecabc6b986506,2025-11-15 20:47:22,33.33333333333333,66.66666666666666,0,,ETH,3,0.2683905493468046,0.3192859384790596
6918f507eb9ecabc6b986510,2025-11-15 21:47:51,100,0,0,,ETH,1,0.6383287906646729,0.6383287906646729
6918f507eb9ecabc6b98650e,2025-11-15 21:47:51,0,50,50,,UNKNOWN,2,-0.14370960742235184,-0.13453322870881487
6918f507eb9ecabc6b98650f,2025-11-15 21:47:51,50,50,0,,BTC,2,0.3855839744210243,0.33433100383236797
69190334eb9ecabc6b986515,2025-11-15 22:48:20,75,0,25,,BTC,4,0.2759942561388016,0.20824051574739158
69191160eb9ecabc6b98651a,2025-11-15 23:48:48,100,0,0,,BTC,1,0.8003373742103577,0.8003373742103577
69191160eb9ecabc6b986519,2025-11-15 23:48:48,100,0,0,,UNKNOWN,1,0.8644059896469116,0.8644059896469116
69191160eb9ecabc6b98651b,2025-11-15 23:48:48,100,0,0,,SOL,1,0.5983480215072632,0.5983480215072632
69191f8deb9ecabc6b986521,2025-11-16 00:49:17,100,0,0,,BTC,3,0.8660579522450765,0.864521097554459
69191f8deb9ecabc6b986520,2025-11-16 00:49:17,100,0,0,,ETH,1,0.871476411819458,0.871476411819458
69192db7eb9ecabc6b986525,2025-11-16 01:49:43,100,0,0,,ETH,1,0.8852028250694275,0.8852028250694275
69192db7eb9ecabc6b986524,2025-11-16 01:49:43,100,0,0,,BTC,1,0.7244342565536499,0.7244342565536499
69193be4eb9ecabc6b986529,2025-11-16 02:50:12,100,0,0,,BTC,2,0.49099941551685333,0.49097956219713784
69193be4eb9ecabc6b98652a,2025-11-16 02:50:12,100,0,0,,UNKNOWN,1,0.7384306192398071,0.738430619239807
6919583deb9ecabc6b986532,2025-11-16 04:51:09,100,0,0,,BTC,4,0.7744658291339874,0.7853239803537632
6919583deb9ecabc6b986533,2025-11-16 04:51:09,100,0,0,,UNKNOWN,1,0.642601490020752,0.642601490020752
6919583deb9ecabc6b986531,2025-11-16 04:51:09,100,0,0,,ETH,1,0.8627311587333679,0.8627311587333679
69199d381243aa3c2967025d,2025-11-16 09:45:28,100,0,0,,ETH,1,0.8667505383491516,0.8667505383491515
69199d381243aa3c2967025b,2025-11-16 09:45:28,100,0,0,,UNKNOWN,2,0.7152898013591766,0.6910661069021611
69199d381243aa3c2967025c,2025-11-16 09:45:28,87.5,12.5,0,,BTC,8,0.7047521150670946,0.7032883985052913
6919ab631243aa3c29670262,2025-11-16 10:45:55,50,50,0,,UNKNOWN,2,0.4710671789944172,0.40741449076916825
6919ab631243aa3c29670263,2025-11-16 10:45:55,100,0,0,,BTC,1,0.38892561197280884,0.38892561197280884
6919ab631243aa3c29670264,2025-11-16 10:45:55,100,0,0,,ETH,1,0.6344964504241943,0.6344964504241943
6919b9921243aa3c2967026e,2025-11-16 11:46:26,66.66666666666666,33.33333333333333,0,,UNKNOWN,3,0.5355540017286936,0.5857464666481902
6919b9921243aa3c2967026d,2025-11-16 11:46:26,60,20,20,,BTC,5,0.4069434225559235,0.30724254249311933
6919c7c51243aa3c29670274,2025-11-16 12:47:01,100,0,0,,UNKNOWN,2,0.7394497692584991,0.5769195655488378
6919c7c51243aa3c29670273,2025-11-16 12:47:01,100,0,0,,BTC,2,0.7310782670974731,0.7451005185157898
6919dfe111da9ff597001414,2025-11-16 14:29:53,66.66666666666666,33.33333333333333,0,,UNKNOWN,3,0.620094453295072,0.6059175306665113
6919dfe111da9ff597001415,2025-11-16 14:29:53,100,0,0,,BTC,2,0.8350876271724701,0.8353263735199417
691a06a18446a099a7ae18e0,2025-11-16 17:15:13,100,0,0,,Bitcoin,4,0.8234053403139114,0.8442296407707894
691a06a18446a099a7ae18de,2025-11-16 17:15:13,66.66666666666666,33.33333333333333,0,,UNKNOWN,3,0.5284274518489838,0.47563989433365556
691a06a18446a099a7ae18df,2025-11-16 17:15:13,100,0,0,,Ethereum,1,0.7121837735176086,0.7121837735176086
691a0e543e0c88bfb45fdb97,2025-11-16 17:48:04,33.33333333333333,66.66666666666666,0,,BTC,3,0.37771356105804443,0.38318727166556255
691a0e543e0c88bfb45fdb96,2025-11-16 17:48:04,0,100,0,,UNKNOWN,1,0.05619780719280243,0.05619780719280243
691a236a9edb66a6c2a75f0a,2025-11-16 19:18:02,100,0,0,,BTC,5,0.776733148097992,0.7762962238603046
691a236a9edb66a6c2a75f0b,2025-11-16 19:18:02,100,0,0,,SOL,1,0.8338408470153809,0.8338408470153809
691a236a9edb66a6c2a75f0d,2025-11-16 19:18:02,100,0,0,,ETH,1,0.9119405150413513,0.9119405150413513
691a236a9edb66a6c2a75f0c,2025-11-16 19:18:02,100,0,0,,UNKNOWN,2,0.7477482259273529,0.7477850273931882
691a319c9edb66a6c2a75f16,2025-11-16 20:18:36,100,0,0,,ETH,1,0.7674201130867004,0.7674201130867004
691a319c9edb66a6c2a75f17,2025-11-16 20:18:36,100,0,0,,BTC,4,0.7639629244804382,0.7627653547919842
691a319c9edb66a6c2a75f19,2025-11-16 20:18:36,100,0,0,,SOL,1,0.8661576509475708,0.8661576509475708
691a319c9edb66a6c2a75f18,2025-11-16 20:18:36,100,0,0,,UNKNOWN,2,0.5788726508617401,0.576896573536775
691a3fca9edb66a6c2a75f1d,2025-11-16 21:19:06,100,0,0,,BTC,3,0.7449299494425455,0.7421797174782134
691a4dfb9edb66a6c2a75f29,2025-11-16 22:19:39,100,0,0,,SOL,1,0.8831769227981567,0.8831769227981568
691a4dfb9edb66a6c2a75f27,2025-11-16 22:19:39,100,0,0,,ETH,3,0.6469785769780477,0.6652229001642422
691a4dfb9edb66a6c2a75f28,2025-11-16 22:19:39,100,0,0,,UNKNOWN,1,0.7759766578674316,0.7759766578674316
691a4dfb9edb66a6c2a75f26,2025-11-16 22:19:39,33.33333333333333,66.66666666666666,0,,BTC,3,0.2897227108478546,0.16946800578380067
691a5c2d9edb66a6c2a75f31,2025-11-16 23:20:13,100,0,0,,BTC,6,0.7290638486544291,0.7089811392658409
691a5c2d9edb66a6c2a75f32,2025-11-16 23:20:13,0,0,100,,UNKNOWN,1,-0.8947963118553162,-0.8947963118553162
691a6a5c9edb66a6c2a75f39,2025-11-17 00:20:44,0,100,0,,UNKNOWN,1,0.09714841097593307,0.09714841097593307
691a6a5c9edb66a6c2a75f3a,2025-11-17 00:20:44,60,20,20,,BTC,5,0.41591516602784395,0.4234577364239889
691a78859edb66a6c2a75f41,2025-11-17 01:21:09,50,50,0,,BTC,2,0.38212092220783234,0.44466101286008547
691a78859edb66a6c2a75f40,2025-11-17 01:21:09,100,0,0,,UNKNOWN,2,0.6542095243930817,0.65482775828965
691a78859edb66a6c2a75f42,2025-11-17 01:21:09,100,0,0,,ETH,1,0.6548185348510742,0.6548185348510742
691a86b09edb66a6c2a75f4c,2025-11-17 02:21:36,100,0,0,,SOL,2,0.5046476125717163,0.5001395390931129
691a86b09edb66a6c2a75f4a,2025-11-17 02:21:36,100,0,0,,BTC,1,0.8628754615783691,0.862875461578369
691a86b09edb66a6c2a75f4b,2025-11-17 02:21:36,100,0,0,,UNKNOWN,4,0.821134552359581,0.8172536428956805
691a94d99edb66a6c2a75f51,2025-11-17 03:22:01,75,25,0,,BTC,4,0.6529322071000934,0.6018593237154888
691aa3029edb66a6c2a75f56,2025-11-17 04:22:26,100,0,0,,ETH,1,0.6155058741569519,0.6155058741569519
691aa3029edb66a6c2a75f55,2025-11-17 04:22:26,50,50,0,,UNKNOWN,2,0.34929802268743515,0.22862090092029913
691ab1349edb66a6c2a75f5c,2025-11-17 05:23:00,33.33333333333333,66.66666666666666,0,,BTC,3,0.5448221862316132,0.4710916524696729
691ab1349edb66a6c2a75f5e,2025-11-17 05:23:00,100,0,0,,ETH,1,0.885104775428772,0.885104775428772
691ab1349edb66a6c2a75f5d,2025-11-17 05:23:00,100,0,0,,UNKNOWN,1,0.7809767127037048,0.7809767127037048
691abf5f9edb66a6c2a75f61,2025-11-17 06:23:27,0,0,100,,UNKNOWN,1,-0.09527832269668579,-0.09527832269668579
691abf5f9edb66a6c2a75f62,2025-11-17 06:23:27,100,0,0,,BTC,1,0.8523182272911072,0.8523182272911072
691acd8c9edb66a6c2a75f69,2025-11-17 07:23:56,80,0,20,,BTC,5,0.5056158185005188,0.5114190198013004
691acd8c9edb66a6c2a75f6a,2025-11-17 07:23:56,100,0,0,,UNKNOWN,1,0.5192596912384033,0.5192596912384033
691adbb79edb66a6c2a75f71,2025-11-17 08:24:23,75,25,0,,BTC,4,0.564309261739254,0.5774728994459789
691adbb79edb66a6c2a75f70,2025-11-17 08:24:23,100,0,0,,UNKNOWN,1,0.8427422642707825,0.8427422642707824
691aec589edb66a6c2a75f78,2025-11-17 09:35:20,100,0,0,,BTC,2,0.7060203552246094,0.7157712516169386
691aec589edb66a6c2a75f79,2025-11-17 09:35:20,0,100,0,,ETH,1,0.13299579918384552,0.13299579918384552
691aec589edb66a6c2a75f77,2025-11-17 09:35:20,100,0,0,,UNKNOWN,2,0.8391814231872559,0.840190687627405
691afa8b9edb66a6c2a75f7f,2025-11-17 10:35:55,100,0,0,,UNKNOWN,1,0.6640780568122864,0.6640780568122864
691afa8b9edb66a6c2a75f7e,2025-11-17 10:35:55,66.66666666666666,33.33333333333333,0,,BTC,3,0.20519477625687918,0.19196948619372042
691b08ba9edb66a6c2a75f88,2025-11-17 11:36:26,50,50,0,,ETH,2,0.42116524931043386,0.3702742652951029
691b08ba9edb66a6c2a75f87,2025-11-17 11:36:26,100,0,0,,BTC,5,0.8196859002113343,0.8166217554245234
691b16e69edb66a6c2a75f8c,2025-11-17 12:36:54,100,0,0,,BTC,2,0.8069155514240265,0.806928221195646
691b16e69edb66a6c2a75f8d,2025-11-17 12:36:54,100,0,0,,ETH,1,0.8613691329956055,0.8613691329956055
691b2bd5cda85f3f3c68f179,2025-11-17 14:06:13,50,33.33333333333333,16.666666666666664,,BTC,6,0.38237273693084717,0.3354746567014525
691b2bd5cda85f3f3c68f17a,2025-11-17 14:06:13,66.66666666666666,33.33333333333333,0,,ETH,3,0.6880018909772238,0.6670045522120034
691b2bd5cda85f3f3c68f17b,2025-11-17 14:06:13,100,0,0,,UNKNOWN,2,0.7899588346481323,0.8031637127990204
691b2bd5cda85f3f3c68f17c,2025-11-17 14:06:13,100,0,0,,SOL,1,0.810874879360199,0.810874879360199
691b934c1acc42f96fabbd53,2025-11-17 21:27:40,72,24,4,,BTC,25,0.5119649368524551,0.5310181800638852
691b934c1acc42f96fabbd55,2025-11-17 21:27:40,87.5,12.5,0,,UNKNOWN,8,0.7293548136949539,0.7504921563299978
691b934c1acc42f96fabbd54,2025-11-17 21:27:40,66.66666666666666,33.33333333333333,0,,SOL,6,0.6335841057201227,0.609149435902838
691b934c1acc42f96fabbd56,2025-11-17 21:27:40,75,0,25,,ETH,4,0.3902347981929779,0.30130316006085783
691b9a6f1acc42f96fabbd58,2025-11-17 21:58:07,100,0,0,,UNKNOWN,1,0.9027358293533325,0.9027358293533325
691ba1961acc42f96fabbd5e,2025-11-17 22:28:38,75,25,0,,BTC,4,0.6161413416266441,0.5994360744673533
691ba1961acc42f96fabbd5f,2025-11-17 22:28:38,100,0,0,,SOL,1,0.8807189464569092,0.8807189464569092
691ba8b81acc42f96fabbd61,2025-11-17 22:59:04,0,100,0,,BTC,1,0.21298345923423767,0.21298345923423767
691c0f25fb46c7ec12e71466,2025-11-18 06:16:05,77.77777777777779,18.51851851851852,3.7037037037037033,,BTC,27,0.6394948168761201,0.6707354301711822
691c0f25fb46c7ec12e71467,2025-11-18 06:16:05,100,0,0,,ETH,4,0.7140849456191063,0.6838200156791515
691c0f25fb46c7ec12e71468,2025-11-18 06:16:05,100,0,0,,SOL,4,0.7588420510292053,0.7924853773222482
691c0f25fb46c7ec12e71469,2025-11-18 06:16:05,66.66666666666666,33.33333333333333,0,,UNKNOWN,3,0.5216615200042725,0.438578763683401
691c1646fb46c7ec12e7146c,2025-11-18 06:46:30,100,0,0,,BTC,2,0.7097422182559967,0.7102001243841538
691c1d72fb46c7ec12e71472,2025-11-18 07:17:06,100,0,0,,UNKNOWN,2,0.8220407366752625,0.8369964509366257
691c1d72fb46c7ec12e71473,2025-11-18 07:17:06,100,0,0,,BTC,3,0.7421207626660665,0.7042066297926187
691c2499fb46c7ec12e71478,2025-11-18 07:47:37,100,0,0,,UNKNOWN,1,0.8016198873519897,0.8016198873519897
691c2499fb46c7ec12e71479,2025-11-18 07:47:37,66.66666666666666,33.33333333333333,0,,BTC,3,0.5407614369566242,0.46412195910665505
691c2bc2fb46c7ec12e71480,2025-11-18 08:18:10,100,0,0,,SOL,1,0.7272329926490784,0.7272329926490784
691c2bc2fb46c7ec12e71481,2025-11-18 08:18:10,50,50,0,,UNKNOWN,2,0.29915302619338036,0.25752232405164255
691c2bc2fb46c7ec12e71482,2025-11-18 08:18:10,66.66666666666666,0,33.33333333333333,,BTC,3,0.3272273540496826,0.39119090391271
691d6eda93247059c041e0c8,2025-11-19 07:16:42,83.33333333333334,16.666666666666664,0,,UNKNOWN,18,0.6699468886686696,0.6473632419770622
691d6eda93247059c041e0c9,2025-11-19 07:16:42,75,25,0,,BTC,48,0.5550552404019982,0.6058134076997569
691d6eda93247059c041e0ca,2025-11-19 07:16:42,90.9090909090909,9.090909090909092,0,,ETH,11,0.6989341865886342,0.7478396371653434
691d6eda93247059c041e0cb,2025-11-19 07:16:42,83.33333333333334,0,16.666666666666664,,SOL,6,0.6762298941612244,0.8063669420867241
691d760f93247059c041e0d3,2025-11-19 07:47:27,100,0,0,,UNKNOWN,3,0.579552412033081,0.6121491215445337
691d760f93247059c041e0d4,2025-11-19 07:47:27,100,0,0,,ETH,1,0.5838630795478821,0.5838630795478821
691d760f93247059c041e0d5,2025-11-19 07:47:27,66.66666666666666,33.33333333333333,0,,BTC,3,0.47790102163950604,0.25481294330875653
691d7d4593247059c041e0dd,2025-11-19 08:18:13,100,0,0,,BTC,2,0.8514195382595062,0.8676521099513517
691d7d4593247059c041e0de,2025-11-19 08:18:13,75,25,0,,UNKNOWN,4,0.5554326698184013,0.5556310902052407
691d7d4593247059c041e0df,2025-11-19 08:18:13,100,0,0,,SOL,1,0.8528051376342773,0.8528051376342773
691d847d93247059c041e0e7,2025-11-19 08:49:01,100,0,0,,BTC,2,0.7429458796977997,0.7870219712169878
691d847d93247059c041e0e8,2025-11-19 08:49:01,33.33333333333333,66.66666666666666,0,,ETH,3,0.4503621980547905,0.18526200466378814
691d847d93247059c041e0e9,2025-11-19 08:49:01,0,100,0,,UNKNOWN,1,0.07296453416347504,0.07296453416347504
691d847d93247059c041e0ea,2025-11-19 08:49:01,100,0,0,,SOL,1,0.8737463355064392,0.8737463355064392
691d8bb193247059c041e0ed,2025-11-19 09:19:45,100,0,0,,BTC,2,0.722865641117096,0.7492899690138376
691e4bce8e2fbb4488502252,2025-11-19 22:59:26,69.23076923076923,25.64102564102564,5.128205128205128,,BTC,39,0.5128001785622194,0.5261433150577807
691e4bce8e2fbb4488502253,2025-11-19 22:59:26,85.71428571428571,0,14.285714285714285,,UNKNOWN,7,0.5498336510998862,0.5994231864407001
691e4bce8e2fbb4488502254,2025-11-19 22:59:26,57.14285714285714,14.285714285714285,28.57142857142857,,ETH,7,0.27183257256235394,0.32995116676571806
691e4bce8e2fbb4488502255,2025-11-19 22:59:26,100,0,0,,SOL,6,0.7376414835453033,0.6564317467960156
691e53018e2fbb4488502258,2025-11-19 23:30:09,100,0,0,,UNKNOWN,1,0.7776615619659424,0.7776615619659424
691e53018e2fbb4488502259,2025-11-19 23:30:09,100,0,0,,BTC,1,0.8360152244567871,0.8360152244567871
691e5a338e2fbb448850225c,2025-11-20 00:00:51,100,0,0,,BTC,2,0.767192155122757,0.7223788549526722
691e61638e2fbb448850225f,2025-11-20 00:31:31,100,0,0,,BTC,1,0.4519261121749878,0.4519261121749878
691e61638e2fbb4488502260,2025-11-20 00:31:31,100,0,0,,ETH,1,0.8773453235626221,0.8773453235626221
691e68998e2fbb4488502266,2025-11-20 01:02:17,100,0,0,,BTC,4,0.6379391551017761,0.5869035657907336
691e68998e2fbb4488502267,2025-11-20 01:02:17,100,0,0,,SOL,1,0.8918769955635071,0.8918769955635071
691e6fcd8e2fbb448850226c,2025-11-20 01:33:01,100,0,0,,ETH,1,0.5629176497459412,0.5629176497459412
691e6fcd8e2fbb448850226d,2025-11-20 01:33:01,100,0,0,,BTC,1,0.8636846542358398,0.8636846542358398
691e6fcd8e2fbb448850226e,2025-11-20 01:33:01,100,0,0,,SOL,2,0.8208352327346802,0.8204544502373167
691e77008e2fbb4488502271,2025-11-20 02:03:44,0,100,0,,BTC,1,-0.04367591440677643,-0.043675914406776435
691e77008e2fbb4488502272,2025-11-20 02:03:44,100,0,0,,ETH,1,0.8988475799560547,0.8988475799560547
691e7e338e2fbb4488502275,2025-11-20 02:34:27,100,0,0,,BTC,2,0.7595846354961395,0.7610971814499097
691e85608e2fbb4488502277,2025-11-20 03:05:04,100,0,0,,BTC,1,0.762431263923645,0.762431263923645
691e8c938e2fbb448850227b,2025-11-20 03:35:47,0,100,0,,UNKNOWN,1,0.28970980644226074,0.28970980644226074
691e8c938e2fbb448850227c,2025-11-20 03:35:47,100,0,0,,ETH,1,0.8684425950050354,0.8684425950050353
691e8c938e2fbb448850227d,2025-11-20 03:35:47,100,0,0,,SOL,1,0.6881978511810303,0.6881978511810303
691e93c68e2fbb4488502282,2025-11-20 04:06:30,100,0,0,,ETH,1,0.6752984523773193,0.6752984523773193
691e93c68e2fbb4488502283,2025-11-20 04:06:30,66.66666666666666,33.33333333333333,0,,BTC,3,0.5297308166821798,0.5212251894216119
691e9af68e2fbb4488502288,2025-11-20 04:37:10,75,0,25,,BTC,4,0.5957553759217262,0.5967825693827756
691ea22c8e2fbb448850228d,2025-11-20 05:07:56,100,0,0,,BTC,3,0.7550131877263387,0.8133586864639339
691ea22c8e2fbb448850228e,2025-11-20 05:07:56,100,0,0,,ETH,1,0.8853395581245422,0.8853395581245422
691ea9618e2fbb4488502293,2025-11-20 05:38:41,100,0,0,,BTC,2,0.8792579472064972,0.8678448134541098
691ea9618e2fbb4488502294,2025-11-20 05:38:41,0,100,0,,ETH,1,0.22587436437606812,0.22587436437606812
691ea9618e2fbb4488502295,2025-11-20 05:38:41,100,0,0,,SOL,1,0.43452033400535583,0.43452033400535583
6920623bdb141da4e2b2892b,2025-11-21T12:59:39,0,92.10526315789474,7.894736842105263,,BTC,38,0.7128563431630793,0.6923603509264508
6920623bdb141da4e2b2892c,2025-11-21T12:59:39,0,100,0,,ETH,12,0.8348711342550814,0.8345568630784747
6920623bdb141da4e2b2892d,2025-11-21T12:59:39,0,83.33333333333334,16.666666666666664,,UNKNOWN,12,0.6124334634126475,0.6539451051132396
6920623bdb141da4e2b2892e,2025-11-21T12:59:39,0,100,0,,SOL,4,0.8378371940925717,0.8249253711756132
6920652ba6d9870fd9c605b0,2025-11-21T13:12:11,0,66.66666666666666,33.33333333333333,,BTC,6,0.5839118650183082,0.5287752914265209
6920652ba6d9870fd9c605b1,2025-11-21T13:12:11,0,100,0,,UNKNOWN,1,0.7587735578417778,0.7587735578417778
6920652ba6d9870fd9c605b2,2025-11-21T13:12:11,0,100,0,,ETH,5,0.8369504392147065,0.8224366583442694
6920652ba6d9870fd9c605b3,2025-11-21T13:12:11,0,100,0,,SOL,2,0.8306768285110593,0.8347937546570865
69206cd4a6d9870fd9c605bf,2025-11-21T13:44:52,0,100,0,,BTC,4,0.824804877396673,0.8081512860989402
69206cd4a6d9870fd9c605c0,2025-11-21T13:44:52,0,100,0,,UNKNOWN,2,0.8095400296151638,0.8076072965144937
69206cd4a6d9870fd9c605c1,2025-11-21T13:44:52,0,100,0,,ETH,5,0.8369504392147065,0.8224366583442695
692075aca6d9870fd9c605d5,2025-11-21T14:22:36,0,100,0,,UNKNOWN,1,0.739745207130909,0.739745207130909
692075aca6d9870fd9c605d6,2025-11-21T14:22:36,0,90.9090909090909,9.090909090909092,,BTC,11,0.6957277349111709,0.6644406828686678
692075aca6d9870fd9c605d7,2025-11-21T14:22:36,0,100,0,,ETH,5,0.8369504392147065,0.8224366583442693
692075aca6d9870fd9c605d8,2025-11-21T14:22:36,0,100,0,,SOL,2,0.8632836202159524,0.8405179550001243
69207d26a6d9870fd9c605e5,2025-11-21T14:54:30,0,100,0,,ETH,6,0.8358891016493241,0.8305824138200262
69207d26a6d9870fd9c605e6,2025-11-21T14:54:30,0,100,0,,BTC,6,0.7989031945665678,0.7686132795829231
6920853da6d9870fd9c605f1,2025-11-21T15:29:01,0,100,0,,ETH,6,0.833244817952315,0.814716711642523
6920853da6d9870fd9c605f2,2025-11-21T15:29:01,0,100,0,,BTC,4,0.8240267988294363,0.8185028354628047
69208deba6d9870fd9c60601,2025-11-21T16:06:03,0,100,0,,UNKNOWN,1,0.5573403090238571,0.5573403090238571
69208deba6d9870fd9c60602,2025-11-21T16:06:03,0,85.71428571428571,14.285714285714285,,BTC,7,0.7134486001783183,0.7348661844814933
69208deba6d9870fd9c60603,2025-11-21T16:06:03,0,100,0,,ETH,5,0.8369504392147065,0.8224366583442693
69208deba6d9870fd9c60604,2025-11-21T16:06:03,0,100,0,,SOL,1,0.8504096660763025,0.8504096660763025
